residue,abs_delta_involvement
2.0,3.1220081477694004
3.0,3.1437517833912576
4.0,2.986509167996465
5.0,2.037227342455757
6.0,2.7609912541351798
7.0,3.369321165208441
8.0,3.3275740873663526
9.0,3.044879795297209
10.0,3.0508990748408977
11.0,2.8972762072962346
12.0,2.4556812508768573
13.0,1.899891329960018
14.0,1.7216656309373517
15.0,2.362512858329961
16.0,2.164940564391294
17.0,2.6623144313267626
18.0,2.91640491090545
19.0,2.336785376388693
20.0,2.0697507093022605
21.0,2.5033778263650386
22.0,1.682191043946949
23.0,2.2536245830640564
24.0,1.9108499604445746
25.0,2.17289645606248
26.0,2.511054853759543
27.0,1.807703047815906
28.0,1.7364755449293638
29.0,2.32999236800985
30.0,1.6813983145888585
31.0,1.6925819869138836
32.0,1.776092268192891
33.0,1.627449950379954
34.0,1.7502142414436277
35.0,2.10110404318724
36.0,1.7362436342809617
37.0,2.1853303319554302
38.0,2.6611171250830634
39.0,2.063299935344273
40.0,2.612247973810056
41.0,2.3369740886963783
42.0,2.3618999952892983
43.0,2.6010649376055954
44.0,2.053742721033819
45.0,1.990889731574652
46.0,2.061626361137959
47.0,1.9331987275544524
48.0,1.6384883878130172
49.0,2.1104807981689166
50.0,2.0985862243183866
51.0,2.1099423613896766
52.0,2.4481892330466746
53.0,1.7975974619279507
54.0,2.85366850468883
55.0,3.687206532505414
56.0,3.4918306648980004
57.0,3.1270323452825477
58.0,2.168292555583087
59.0,2.252578093467745
60.0,2.669759579121211
61.0,2.637888861976697
62.0,2.7476187014671702
63.0,2.0137555363776816
64.0,2.591478218378016
65.0,2.27750934032811
66.0,2.3329201978403633
67.0,2.414191616354128
68.0,1.9092463322653526
69.0,1.9506671551381205
70.0,1.6992950564176452
71.0,1.708871257100417
72.0,2.123774864261067
73.0,1.9520396089661378
74.0,1.9061133136062611
75.0,2.009662547671412
76.0,2.9658487207181423
77.0,1.9523802762954896
78.0,1.4884972049418257
79.0,1.4032451284513048
80.0,1.612711457604517
81.0,1.6736418155082506
82.0,1.4940278925870265
83.0,1.5504646403305014
84.0,1.8164900654170264
85.0,2.315779493716282
86.0,1.89581989239803
87.0,1.4793087114507917
88.0,1.7221603052905008
89.0,1.909736485212183
90.0,1.459539182644276
91.0,1.7088822786741809
92.0,1.761171418014497
93.0,1.631203751032066
94.0,1.5965535287617045
95.0,1.6394635500244474
96.0,2.3614977229704697
97.0,2.6617482785186266
98.0,2.1254380566491546
99.0,1.7129056840469
100.0,1.5367209934580772
101.0,1.7980209179384539
102.0,2.0044695903632554
103.0,2.2452140469564013
104.0,2.0163064331034253
105.0,2.1366529729743764
106.0,2.2032839321241386
107.0,1.6112761751629303
108.0,2.698446587963325
109.0,2.3145181358500686
110.0,2.3616808224916674
111.0,1.5559420529062913
112.0,1.7273857352771562
113.0,1.5690712835283807
114.0,1.64083510883975
115.0,1.7372809812061396
116.0,2.084052076507782
117.0,2.111393090381178
118.0,2.2644310654597146
119.0,1.8877958967263733
120.0,1.5650801461369304
121.0,1.6769823749182156
122.0,1.6616484705254067
123.0,1.5767538866919482
124.0,2.0096504033515816
125.0,2.5546860786655032
126.0,2.1160730877323006
127.0,1.4302197733586384
128.0,1.6257060565080246
129.0,1.9886469501767243
130.0,1.979645388664747
131.0,1.632362565372095
132.0,1.8244742481814182
133.0,1.5956010198807251
134.0,1.6424868665313286
135.0,1.599159040749449
136.0,1.3655905180334478
137.0,1.4968430053525934
138.0,1.5352802621634665
139.0,1.542543582721053
140.0,1.5652452616964603
141.0,1.594811075375285
142.0,1.4890171006843593
143.0,1.529579576641401
144.0,1.4953609609976328
145.0,1.7325942571497743
146.0,1.9272226324661375
147.0,2.0555445784158155
148.0,1.8096825240441055
149.0,2.2555059898676455
150.0,2.1674590168766583
151.0,2.1650843739885324
152.0,3.2690805621342345
153.0,2.541100903541391
154.0,2.0539887026990007
155.0,2.199071135576852
156.0,2.4767320115845446
157.0,2.0067211067575594
158.0,2.375050491594579
159.0,1.7379161783517936
160.0,1.8924189069256463
161.0,2.1234167410324187
162.0,2.17946850933312
163.0,2.109865926696284
164.0,2.1710035290673573
165.0,1.7412282337930756
166.0,1.7976783227041278
167.0,2.5315414032908965
168.0,2.100062013067886
169.0,1.972712107120906
170.0,1.8740765181907324
171.0,1.780789956150055
172.0,2.2514391838747496
173.0,2.199460529045224
174.0,1.7816472237346115
175.0,2.3624743347647343
176.0,3.1894143282248306
177.0,2.1359851012623956
178.0,1.758836352046414
179.0,2.021712989580019
180.0,2.4195886226695302
181.0,2.455035664224522
182.0,2.2498403115306593
183.0,3.0953206214287876
184.0,2.608535897466387
185.0,2.193693089996085
186.0,2.249880591802765
187.0,2.410728402509168
188.0,1.9466343699010256
189.0,2.2384047393307513
190.0,2.486403707489817
191.0,1.8384152382318235
192.0,2.1149689397565576
193.0,2.8163518023594647
194.0,1.84758632049122
195.0,2.5138369539829366
196.0,2.2174810217078287
197.0,2.1841247749286254
198.0,2.1142553186124116
199.0,2.4429348683406586
200.0,2.91048947326114
201.0,2.4567210167258273
202.0,2.1931150488448967
203.0,2.010514649264814
204.0,2.145153623777115
205.0,2.1231847224137517
206.0,2.0816866385567074
207.0,1.6461930360735586
208.0,1.6713272596237545
209.0,1.9481957103001393
210.0,1.6277750168250311
211.0,1.5345488156297147
212.0,1.768429205386599
213.0,1.522006150397359
214.0,1.5119694842224716
215.0,1.5727260428215177
216.0,1.4883924959532795
217.0,1.6442580606104629
218.0,1.5197338519636903
219.0,1.5221648291434378
220.0,1.5187053487920084
221.0,1.485974024664063
222.0,1.6384329106460667
223.0,1.611840234834661
224.0,1.6162541706380302
225.0,1.57071648551444
226.0,2.338262079228629
227.0,2.410785712621524
228.0,2.63264733187736
229.0,2.5676065788890354
230.0,1.7349762279087786
231.0,1.8001923395109234
232.0,1.7146089778826854
233.0,2.135625392303275
234.0,1.8684760185232998
235.0,2.6613055252933804
236.0,2.029064388808742
237.0,1.9644378048142601
238.0,2.1802981504519763
239.0,1.719337727753419
240.0,1.799054906189748
241.0,2.2039504444278193
242.0,2.2279972655424043
243.0,2.1460536395049115
244.0,2.2694201229644317
245.0,2.882984121876609
246.0,2.314440574616425
247.0,2.720100343103929
248.0,2.09852242743824
249.0,2.5626551447709627
250.0,1.5751152403720747
251.0,2.0214304338658846
252.0,2.3297417224844823
253.0,2.2905463899569964
254.0,1.8456056123432591
255.0,2.2891516989363443
256.0,2.8262866784006864
257.0,2.53787749524907
258.0,2.3174028271965637
259.0,2.5037928328206913
260.0,1.9246210421674737
261.0,1.918525045285889
262.0,2.072876119908749
263.0,1.7303975125970388
264.0,2.0085173758499675
265.0,2.0131593831090457
266.0,1.8354183886511855
267.0,1.563639477208436
268.0,1.7590640318759057
269.0,1.7283108125442896
270.0,2.467281459143739
271.0,2.1055175874511196
272.0,2.7735194728725476
273.0,2.371941474800545
274.0,2.462021885619454
275.0,3.025936696495447
276.0,4.125066572695625
277.0,3.2294666355472037
278.0,3.1691508818555696
279.0,2.505221699157667
280.0,2.6010721839460764
281.0,3.421886078954979
282.0,2.4782000205342327
283.0,1.7617663580666914
284.0,3.1017209030202344
285.0,2.532960925619423
286.0,3.045226230768522
287.0,2.412083691385851
288.0,2.8495907036327823
289.0,2.435588151795895
290.0,1.566178313052579
291.0,1.7065227064071364
292.0,1.7653412661413828
293.0,1.5550869829759015
294.0,1.5319975427230963
295.0,1.374929865970883
296.0,1.5477798928209345
297.0,1.5119156118705672
298.0,1.6392585382704117
299.0,1.4862668723810304
300.0,1.5119328282233828
301.0,1.7132943334640538
302.0,1.5706361554325041
303.0,2.135194916192158
304.0,1.7671385394310026
305.0,1.6486502398670608
306.0,2.6884827258440422
307.0,1.9350129347209213
308.0,3.4394174757192513
309.0,2.8572317288419344
310.0,1.3970267190928547
311.0,1.6818373989103894
312.0,1.7312035021693
313.0,2.1110768111702907
314.0,1.7276704090710722
315.0,1.421217866135684
316.0,1.51455286488524
317.0,1.5971216833565924
318.0,1.7909324057742595
319.0,1.6375670973017011
320.0,1.7598225136179513
321.0,1.7365856636210864
322.0,1.6526837556791154
323.0,1.7253023754131855
324.0,2.09791750742814
325.0,2.1106514888287795
326.0,2.8529813191960223
327.0,1.9352804294694634
328.0,2.4477765534391223
329.0,1.7906341730593298
330.0,1.8781409890455552
331.0,2.075616177821715
332.0,1.8837730368990853
333.0,1.7268344160085434
334.0,2.0634462385329324
335.0,2.421559219992106
336.0,1.9211746743692228
337.0,2.3522504210205955
338.0,1.607920240351633
339.0,2.307412959916448
340.0,1.753797408445532
341.0,1.8740092130529091
342.0,1.8638814139724187
343.0,1.6907767040851955
344.0,1.584119722408123
345.0,1.6934016027725833
346.0,1.6148274341745117
347.0,1.4734814160181238
348.0,1.690389960892706
349.0,1.7096694658767926
350.0,1.6114333479504264
351.0,1.5881271604850944
352.0,1.5365981071030197
353.0,1.6283849775612447
354.0,1.4962792855669307
355.0,1.5577701175685779
356.0,1.7649933200210592
357.0,1.5568456987115802
358.0,2.0574723028183217
359.0,2.46072102951531
360.0,1.795236473426876
361.0,2.35850617106673
362.0,1.7250066055210487
363.0,1.7558506221064232
364.0,2.08466123254674
365.0,2.9622291092934216
366.0,2.2735865082585245
367.0,3.2376048245112643
368.0,3.013863725356892
