res_i,res_j,delta_betweenness
270,345,-1.995913e-01
344,345,-1.876851e-01
269,271,-1.810952e-01
269,270,-1.718991e-01
271,285,-1.695149e-01
344,346,-1.592525e-01
163,168,-1.585416e-01
346,347,1.558168e-01
169,180,-1.555207e-01
138,141,-1.519666e-01
327,328,1.509300e-01
98,328,1.488272e-01
165,288,-1.412451e-01
164,165,-1.361509e-01
169,181,-1.351736e-01
105,349,1.269547e-01
106,270,1.265845e-01
105,106,1.240078e-01
285,288,-1.198910e-01
159,160,-1.133604e-01
168,181,-1.115389e-01
268,270,1.090363e-01
163,167,1.087845e-01
356,358,1.064744e-01
351,353,1.064299e-01
